system,case_id,finding_id,obligation_id,referee_outcome,on_candidate,on_reference,grader_label,false_accusation,title
abl_clause_only_referee,full_jitter_backoff__v12,F-01,OB-007,upheld,fail,pass,sound,0,"Validate attempts, then base, then cap in that fixed sequence unconditionally, so an invalid base or cap still raises ValueError even when attempts is 0."
abl_clause_only_referee,http_range_resolve__t20,F-01,OB-009,upheld,fail,fail,unsound,1,"A comma-separated range set in which every element is empty (no non-empty spec present) must be treated as unparseable, not as a valid zero-range result."
abl_clause_only_referee,http_range_resolve__t40,F-01,OB-009,upheld,fail,fail,unsound,1,"A comma-separated range set in which every element is empty (no non-empty spec present) must be treated as unparseable, not as a valid zero-range result."
abl_docstrings,full_jitter_backoff__t22,F-01,OB-006,upheld,fail,fail,unsound,1,"When cap is at or below base, every attempt's ceiling, including attempt 0's, must equal cap exactly."
abl_docstrings,full_jitter_backoff__t42,F-01,OB-006,upheld,fail,fail,unsound,1,"When cap is at or below base, every attempt's ceiling, including attempt 0's, must equal cap exactly."
abl_docstrings,full_jitter_backoff__t46,F-01,OB-006,upheld,fail,fail,unsound,1,"When cap is at or below base, every attempt's ceiling, including attempt 0's, must equal cap exactly."
abl_docstrings,full_jitter_backoff__v12,F-01,OB-007,upheld,fail,pass,sound,0,"Validate attempts, then base, then cap in that fixed sequence unconditionally, so an invalid base or cap still raises ValueError even when attempts is 0."
abl_no_barrier,full_jitter_backoff__v12,F-01,OB-001,upheld,fail,pass,sound,0,"Validate base and cap (in that order) even when attempts == 0, so an invalid base or cap still raises ValueError before an empty list would otherwise be returne"
abl_no_barrier,http_range_resolve__v0,F-01,OB-005,upheld,fail,fail,unsound,1,"Whitespace around the '=' or inside a byte-range-spec makes the header malformed and it must be ignored (whole representation returned), not tolerated as a pars"
abl_no_gate,full_jitter_backoff__v12,F-01,OB-007,upheld,fail,pass,sound,0,"Validate attempts, then base, then cap in that fixed sequence unconditionally, so an invalid base or cap still raises ValueError even when attempts is 0."
abl_no_memory,full_jitter_backoff__v12,F-01,OB-007,upheld,fail,pass,sound,0,"Validate attempts, then base, then cap in that fixed sequence unconditionally, so an invalid base or cap still raises ValueError even when attempts is 0."
abl_no_oracle,full_jitter_backoff__v12,F-01,OB-007,upheld,fail,pass,sound,0,"Validate attempts, then base, then cap in that fixed sequence unconditionally, so an invalid base or cap still raises ValueError even when attempts is 0."
abl_no_property,full_jitter_backoff__v12,F-01,OB-007,upheld,fail,pass,sound,0,"Validate attempts, then base, then cap in that fixed sequence unconditionally, so an invalid base or cap still raises ValueError even when attempts is 0."
abl_no_referee,discount_stacking__v11,F-01,OB-002,upheld,fail,fail,unsound,1,"Round the running total to two decimal places at the end of every single step, not only once after the final discount, so each step reads the rounded output of "
abl_no_referee,discount_stacking__v11,F-02,OB-010,upheld,fail,fail,unsound,1,Never mutate the discounts list or any mapping inside it as a side effect of computing the result.
abl_no_referee,discount_stacking__v12,F-01,OB-010,upheld,fail,fail,unsound,1,Never mutate the discounts list or any mapping inside it as a side effect of computing the result.
abl_no_referee,full_jitter_backoff__t22,F-01,OB-005,upheld,fail,fail,unsound,1,A cap at or below base must be accepted as a legitimate input and must not raise an error.
abl_no_referee,full_jitter_backoff__t42,F-01,OB-005,upheld,fail,fail,unsound,1,A cap at or below base must be accepted as a legitimate input and must not raise an error.
abl_no_referee,full_jitter_backoff__t46,F-01,OB-005,upheld,fail,fail,unsound,1,A cap at or below base must be accepted as a legitimate input and must not raise an error.
abl_no_referee,full_jitter_backoff__v12,F-01,OB-007,upheld,fail,pass,sound,0,"Validate attempts, then base, then cap in that fixed sequence unconditionally, so an invalid base or cap still raises ValueError even when attempts is 0."
abl_no_referee,http_range_resolve__t20,F-01,OB-009,upheld,fail,fail,unsound,1,"A comma-separated range set in which every element is empty (no non-empty spec present) must be treated as unparseable, not as a valid zero-range result."
abl_no_referee,http_range_resolve__t40,F-01,OB-009,upheld,fail,fail,unsound,1,"A comma-separated range set in which every element is empty (no non-empty spec present) must be treated as unparseable, not as a valid zero-range result."
abl_no_referee,http_range_resolve__v0,F-01,OB-005,upheld,fail,fail,unsound,1,"A header that does not match the accepted syntax must be ignored entirely, causing the whole representation to be returned instead of raising any exception."
baseline_agent,csv_rfc4180__t20,F-01,-,upheld,pass,pass,not_a_counterexample,0,test_final_sweep_of_uncovered_cases
baseline_agent,currency_quantize__t24,F-01,-,upheld,fail,pass,sound,0,Ticket states amount handling has 'no bound on magnitude' and any finite-number string Decimal accepts is valid input; format_amount raises an unhandled decimal
baseline_agent,currency_quantize__v11,F-01,-,upheld,fail,pass,sound,0,"Ticket says 'There is no bound on magnitude' for amount, but format_amount crashes with decimal.InvalidOperation (uncaught) instead of returning a formatted str"
baseline_agent,currency_quantize__v12,F-01,-,upheld,fail,fail,unsound,1,"Ticket states 'There is no bound on magnitude' for amount, but format_amount raises decimal.InvalidOperation (uncaught ArithmeticError) for very large amounts b"
baseline_agent,discount_stacking__t20,F-01,-,upheld,fail,pass,sound,0,Ticket grammar for the decimal-string boundary explicitly forbids 'surrounding whitespace' and 'nothing else' beyond digits/sign/dot; a trailing newline should 
baseline_agent,discount_stacking__t20,F-02,-,upheld,fail,pass,sound,0,Same grammar applies to discount 'value' strings; a trailing newline should be rejected but the `$`-anchored regex accepts it due to Python's regex semantics wh
baseline_agent,discount_stacking__t20,F-03,-,upheld,fail,fail,unsound,1,"The ticket's error condition is phrased as 'is not a mapping', implying any object satisfying the Mapping protocol should be accepted, but the implementation's "
baseline_agent,discount_stacking__v0,F-01,-,upheld,pass,pass,not_a_counterexample,0,test_negative_discount_values_and_clamp_then_percent
baseline_agent,discount_stacking__v10,F-01,-,upheld,fail,pass,sound,0,"Violates the money-representation grammar ('The accepted grammar is an optional -, then one or more digits, then optionally a . followed by one or more digits. "
baseline_agent,discount_stacking__v11,F-01,-,upheld,fail,pass,sound,0,"Ticket rule: 'The sign of zero is not significant: zero is returned as ""0.00"", never ""-0.00"".' Subtotal ""-0"" is valid per the grammar (optional '-' then digits)"
baseline_agent,discount_stacking__v11,F-02,-,upheld,fail,pass,sound,0,"Same rule as above, exercised with a fractional negative-zero string. ""-0.00"" matches the grammar, is not negative, and per the ticket must normalize to ""0.00"","
baseline_agent,discount_stacking__v12,F-01,-,upheld,fail,pass,sound,0,"Rule 1/3 explicitly states 'The sign of zero is not significant: zero is returned as ""0.00"", never ""-0.00""', but apply_discounts(""-0.00"", []) returns ""-0.00"" be"
baseline_agent,discount_stacking__v12,F-02,-,upheld,fail,fail,unsound,1,The ticket's error rule says ValueError is raised when 'An element of discounts is not a mapping' and separately requires the function not mutate 'any mapping i
baseline_agent,full_jitter_backoff__t20,F-01,-,upheld,pass,pass,not_a_counterexample,0,test_ticket_worked_example
baseline_agent,full_jitter_backoff__v12,F-01,-,upheld,fail,pass,sound,0,"Ticket specifies validation order 'attempts, then base, then cap' implying base and cap are always validated (e.g. must be finite and >0), but the implementatio"
baseline_agent,http_range_resolve__t20,F-01,-,upheld,fail,pass,sound,0,Ticket requires first/last/suffix to be ASCII digits; anything not fitting the grammar (including non-ASCII digit-like characters) must be ignored entirely and 
baseline_agent,http_range_resolve__t20,F-02,-,upheld,fail,pass,sound,0,Ticket specifies first/last/suffix must be 'one or more ASCII digits'; fullwidth Unicode digit characters (e.g. U+FF19 '９' for '9') are not ASCII digits and a s
baseline_agent,http_range_resolve__t21,F-01,-,upheld,fail,pass,sound,0,Ticket's Parsing section requires first/last/suffix to be 'one or more ASCII digits'; Arabic-Indic digit characters are non-ASCII but pass Python's str.isdigit(
baseline_agent,http_range_resolve__t21,F-02,-,upheld,fail,pass,sound,0,"The ticket says a header that doesn't fit the grammar must be ignored entirely and the whole representation served, and must not raise; the implementation crash"
baseline_agent,http_range_resolve__t40,F-01,-,upheld,fail,pass,sound,0,Ticket requires first/last/suffix to be ASCII digits; anything not fitting the grammar (including non-ASCII digit-like characters) must be ignored entirely and 
baseline_agent,http_range_resolve__t40,F-02,-,upheld,fail,pass,sound,0,Ticket specifies first/last/suffix must be 'one or more ASCII digits'; fullwidth Unicode digit characters (e.g. U+FF19 '９' for '9') are not ASCII digits and a s
baseline_agent,http_range_resolve__v0,F-01,-,upheld,fail,pass,sound,0,Falsifies the ticket's grammar requirement that first/last/suffix be 'one or more ASCII digits'; the implementation's `\d+` regex (without re.ASCII) matches non
baseline_agent,http_range_resolve__v1,F-01,-,upheld,fail,pass,sound,0,"Ticket requires 'first, last and suffix are one or more ASCII digits'; non-ASCII Unicode digits should make the spec malformed and fall back to the whole repres"
baseline_agent,http_range_resolve__v1,F-02,-,upheld,fail,fail,unsound,1,Ticket: 'No whitespace is allowed around the `=` ... so `bytes = 0-1` ... [is] not valid.' A space immediately after '=' must make the header malformed (whole r
baseline_agent,http_range_resolve__v2,F-01,-,upheld,fail,fail,unsound,1,Falsifies the ticket's syntax rule that no whitespace is allowed around the '=' sign; 'bytes= 0-0' must be treated as malformed (whole object returned) but impl
baseline_agent,keyset_paginate__t20,F-01,-,upheld,fail,pass,sound,0,"Ticket requires well-formed cursors to consist of ASCII digits only ('a non-empty run of ASCII digits, a single :, and another non-empty run of ASCII digits'); "
baseline_direct,allocate_money__t21,F-01,-,upheld,pass,pass,not_a_counterexample,0,"Falsifies the exact worked example in the ticket: allocate(10, [1,2,4]) must equal [1,3,6] via floors [1,2,5] plus the two largest remainders (indices 1 and 2)."
baseline_direct,allocate_money__t21,F-02,-,upheld,pass,pass,not_a_counterexample,0,"Falsifies the ticket's sign rule that allocate(-t, weights) must equal [-x for x in allocate(t, weights)] (e.g. [-3,-2] for allocate(-5,[1,1])), not the result "
baseline_direct,allocate_money__t21,F-03,-,upheld,pass,pass,not_a_counterexample,0,"Falsifies the ticket rule that a weight of 0 always yields an exact claim and remainder of 0, so that payee must never receive a leftover unit even when it sits"
baseline_direct,allocate_money__t21,F-04,-,upheld,pass,pass,not_a_counterexample,0,"Falsifies the ticket's tie-break rule ('the earlier index takes the unit') when more than two payees carry exactly the same remainder simultaneously, requiring "
baseline_direct,allocate_money__t21,F-05,-,upheld,pass,pass,not_a_counterexample,0,"Falsifies the ticket's error requirements: empty weights, any negative weight, or all-zero weights must raise ValueError, and this validation must happen before"
baseline_direct,allocate_money__t21,F-06,-,upheld,pass,pass,not_a_counterexample,0,"Falsifies the ticket's core invariant that sum(allocate(total_cents, weights)) == total_cents for every accepted input, and that the input weights list is never"
baseline_direct,allocate_money__v0,F-01,-,upheld,pass,pass,not_a_counterexample,0,"Falsifies the two exact worked examples the ticket specifies (allocate(10,[1,2,4]) and the [1,1,1] tie case) if the floor/remainder/leftover math is implemented"
baseline_direct,allocate_money__v0,F-02,-,upheld,pass,pass,not_a_counterexample,0,"Falsifies the ticket's explicit warning that negative totals must equal the negation of the positive allocation (not signed floor division), including the concr"
baseline_direct,allocate_money__v0,F-03,-,upheld,pass,pass,not_a_counterexample,0,"Falsifies the absolute conservation rule (sum(allocate(total, weights)) == total) across randomized positive, negative, and zero totals and weight combinations."
baseline_direct,allocate_money__v0,F-04,-,upheld,pass,pass,not_a_counterexample,0,"Falsifies the required ValueError behaviour for empty weights, any negative weight, and all-zero weights, and confirms validation happens for every total_cents "
baseline_direct,allocate_money__v0,F-05,-,upheld,pass,pass,not_a_counterexample,0,"Falsifies the tie-break rule requiring identical remainders to hand out leftover units to the lowest indices first, using a multi-unit-leftover tie scenario."
baseline_direct,allocate_money__v0,F-06,-,upheld,pass,pass,not_a_counterexample,0,Falsifies the ticket's requirement that the input weights list is not mutated and a new list is returned.
baseline_direct,allocate_money__v1,F-01,-,upheld,pass,pass,not_a_counterexample,0,"Falsifies the ticket's central invariant that sum(allocate(total, weights)) == total for any accepted total_cents/weights, including negative totals and zero-we"
baseline_direct,allocate_money__v1,F-02,-,upheld,pass,pass,not_a_counterexample,0,"Checks the ticket's fully worked example allocate(10, [1, 2, 4]) == [1, 3, 6], verifying floor computation and largest-remainder assignment together."
baseline_direct,allocate_money__v1,F-03,-,upheld,pass,pass,not_a_counterexample,0,"Checks the ticket's explicit tie-break example allocate(100, [1, 1, 1]) == [34, 33, 33], falsifying an implementation that breaks ties by highest index, weight "
baseline_direct,allocate_money__v1,F-04,-,upheld,pass,pass,not_a_counterexample,0,"Falsifies the ticket's required identity allocate(-t, weights) == [-x for x in allocate(t, weights)], catching implementations that use signed floor division (e"
baseline_direct,allocate_money__v1,F-05,-,upheld,pass,pass,not_a_counterexample,0,"Falsifies implementations that skip weight validation for empty, negative, or all-zero weights lists, particularly when total_cents is 0 and an unvalidated shor"
baseline_direct,allocate_money__v1,F-06,-,upheld,pass,pass,not_a_counterexample,0,"Falsifies implementations that mutate the caller's weights list in place, or that let a zero-weight payee receive a leftover unit despite having an exact claim "
baseline_direct,csv_rfc4180__t20,F-01,-,upheld,pass,pass,not_a_counterexample,0,"Verifies the exact worked example from the ticket (mixed empty field, comma-triggered quoting, empty trailing record) matches byte-for-byte."
baseline_direct,csv_rfc4180__t20,F-02,-,upheld,pass,pass,not_a_counterexample,0,"A zero-field record must be written rather than rejected, producing just a CRLF (an empty line), per the ticket's explicit carve-out from the RFC's record gramm"
baseline_direct,csv_rfc4180__t20,F-03,-,upheld,pass,pass,not_a_counterexample,0,"A lone CR or lone LF (without its counterpart) must force quoting exactly like a full CRLF, and must be preserved as-is rather than normalized."
baseline_direct,csv_rfc4180__t20,F-04,-,upheld,pass,pass,not_a_counterexample,0,"Non-str field values (int, bool, None, bytes) must raise TypeError whose message names the actual offending Python type rather than stringifying the value."
baseline_direct,csv_rfc4180__t20,F-05,-,upheld,pass,pass,not_a_counterexample,0,"Clause 4's equal-field-count rule is explicitly not enforced; records with differing field counts (including a short trailer) must be emitted exactly as given, "
baseline_direct,csv_rfc4180__t20,F-06,-,upheld,pass,pass,not_a_counterexample,0,"Spaces are ordinary content per clause 4 and must never be trimmed nor treated as a quoting trigger, even for a field consisting entirely of spaces."
baseline_direct,csv_rfc4180__v0,F-01,-,upheld,pass,pass,not_a_counterexample,0,"Regression test for the ticket's worked example, exercising quoting, comma-in-field, embedded quote doubling, space preservation, empty field, and zero-field re"
baseline_direct,csv_rfc4180__v0,F-02,-,upheld,pass,pass,not_a_counterexample,0,"The ticket requires TypeError for any non-str field with the offending Python type named in the message, across int, None, bool, bytes, and float."
baseline_direct,csv_rfc4180__v0,F-03,-,upheld,pass,pass,not_a_counterexample,0,The ticket states write_csv is pure and must not mutate rows or any record in it.
baseline_direct,csv_rfc4180__v0,F-04,-,upheld,pass,pass,not_a_counterexample,0,"A lone CR or lone LF must trigger quoting (TEXTDATA excludes CR/LF) and must be preserved exactly, not normalized into a full CRLF."
baseline_direct,csv_rfc4180__v0,F-05,-,upheld,pass,pass,not_a_counterexample,0,"Spaces (leading, trailing, interior, all-space) and non-triggering characters like tab, semicolon, '#', and non-ASCII must be written through unquoted and untri"
baseline_direct,csv_rfc4180__v0,F-06,-,upheld,pass,pass,not_a_counterexample,0,The writer must not enforce equal field counts across records and must render a zero-field record as a bare CRLF line.
baseline_direct,csv_rfc4180__v1,F-01,-,upheld,pass,pass,not_a_counterexample,0,"Falsifies the ticket's worked example: quoting of embedded double quotes and commas, unquoted space-padded field, empty trailing field, and zero-field trailer r"
baseline_direct,csv_rfc4180__v1,F-02,-,upheld,pass,pass,not_a_counterexample,0,"Ticket requires TypeError for any non-str field with the offending Python type name appearing in the message (int, None, bytes, bool must each be rejected, not "
baseline_direct,csv_rfc4180__v1,F-03,-,upheld,pass,pass,not_a_counterexample,0,"Ticket mandates spaces are ordinary data written verbatim and unquoted, including leading, trailing, interior, and all-space fields; trimming or unnecessary quo"
baseline_direct,csv_rfc4180__v1,F-04,-,upheld,pass,pass,not_a_counterexample,0,"Ticket requires a bare \r or bare \n (not just full CRLF) to force quoting, and the character must be preserved exactly rather than normalized into \r\n."
baseline_direct,csv_rfc4180__v1,F-05,-,upheld,pass,pass,not_a_counterexample,0,"Ticket distinguishes an entirely empty rows list (must return """") from a single zero-field record (must return just ""\r\n""); conflating them would violate the e"
baseline_direct,csv_rfc4180__v1,F-06,-,upheld,pass,pass,not_a_counterexample,0,"Ticket requires write_csv to be pure and must not mutate rows or any record within it, so the caller's original lists must be byte-for-byte identical after the "
baseline_direct,currency_quantize__t24,F-01,-,upheld,fail,pass,sound,0,"The ticket requires 'no bound on magnitude', but the implementation quantizes under the default decimal.Context (28-digit precision), so a 40-digit amount overf"
baseline_direct,currency_quantize__t24,F-02,-,upheld,fail,pass,sound,0,"The precision-overflow bug also applies on the exponent==0 code path (JPY-style currencies with no minor unit), which the ticket explicitly calls out as needing"
baseline_direct,currency_quantize__t24,F-03,-,upheld,pass,pass,not_a_counterexample,0,"The ticket requires the currency lookup to happen before touching the amount, so an unknown code paired with an unparseable amount must surface as KeyError, nev"
baseline_direct,currency_quantize__t24,F-04,-,upheld,pass,pass,not_a_counterexample,0,"The ticket's explicit examples require negative amounts that round to zero to print unsigned zero ('-0.004' USD -> '0.00', '-0.4' JPY -> '0'), never a negative-"
baseline_direct,currency_quantize__t24,F-05,-,upheld,pass,pass,not_a_counterexample,0,"CLF is quoted in ten-thousandths per the ticket; a halfway case at the 4th decimal must round to even, not just naively truncate or round half up, and scientifi"
baseline_direct,currency_quantize__t24,F-06,-,upheld,pass,pass,not_a_counterexample,0,"The ticket explicitly lists 'sNaN' among non-finite inputs that must raise ValueError, not propagate as a raw decimal.InvalidOperation from a later operation."
baseline_direct,currency_quantize__v11,F-01,-,upheld,fail,pass,sound,0,"The ticket states 'There is no bound on magnitude,' but the implementation calls Decimal.quantize() under Python's default 28-significant-digit context, which r"
baseline_direct,currency_quantize__v11,F-02,-,upheld,fail,pass,sound,0,"A large-magnitude, signed, fractional amount (well beyond 28 significant digits) must still be quantized and formatted per 'no bound on magnitude', but quantize"
baseline_direct,currency_quantize__v11,F-03,-,upheld,pass,pass,not_a_counterexample,0,"The ticket explicitly lists 'sNaN' as a value that parses as Decimal but is not finite and must raise ValueError, not let decimal.InvalidOperation escape."
baseline_direct,currency_quantize__v11,F-04,-,upheld,pass,pass,not_a_counterexample,0,"Every row of the ticket's worked rounding table must hold exactly, verifying half-even tie-breaking across multiple exponents (0, 2, 3) computed from the decima"
baseline_direct,currency_quantize__v11,F-05,-,upheld,pass,pass,not_a_counterexample,0,"The ticket requires checking currency membership before validating the amount, so an unknown currency paired with an unparsable amount must raise KeyError rathe"
baseline_direct,currency_quantize__v11,F-06,-,upheld,pass,pass,not_a_counterexample,0,"The ticket requires that a negative amount which rounds to zero must normalise to a signless zero string, e.g. '-0.004' USD is '0.00' and '-0.4' JPY is '0'."
baseline_direct,currency_quantize__v12,F-01,-,upheld,fail,pass,sound,0,"The ticket states there is no bound on magnitude, but Decimal.quantize() raises decimal.InvalidOperation when the result would need more significant digits than"
baseline_direct,currency_quantize__v12,F-02,-,upheld,fail,pass,sound,0,"For a zero-exponent currency, an arbitrarily large amount (1E+30) should format as the plain integer with no decimal point, but the underlying quantize() call e"
baseline_direct,currency_quantize__v12,F-03,-,upheld,fail,pass,sound,0,"A half-even tie ('...2.675' -> '...2.68') must still round correctly even when the integer part is huge, but quantize()'s precision-limited coefficient causes I"
baseline_direct,currency_quantize__v12,F-04,-,upheld,fail,pass,sound,0,"Negative amounts must keep their sign symmetrically regardless of magnitude, but the quantize() precision limit crashes before the sign-preserving formatting lo"
baseline_direct,discount_stacking__t20,F-01,-,upheld,fail,fail,unsound,1,"The ticket says each discount element is 'a mapping', but the implementation checks isinstance(discount, dict), so a valid non-dict Mapping (e.g. a class implem"
baseline_direct,discount_stacking__t20,F-02,-,upheld,pass,pass,not_a_counterexample,0,The ticket's core requirement is that percentages compound in caller order rather than being summed; this checks both worked examples from the ticket and explic
baseline_direct,discount_stacking__t20,F-03,-,upheld,pass,pass,not_a_counterexample,0,"The ticket requires the offending string to appear verbatim in the ValueError message for malformed subtotal input (e.g. containing a thousands separator), so l"
baseline_direct,discount_stacking__t20,F-04,-,upheld,pass,pass,not_a_counterexample,0,"The ticket requires that an amount discount larger than the remaining total clamps to 0.00, with the excess unused and subsequent discounts leaving it at 0.00."
baseline_direct,discount_stacking__t20,F-05,-,upheld,pass,pass,not_a_counterexample,0,"The ticket states each discount entry is validated when the walk reaches it regardless of whether the running total is already 0.00, so a later invalid entry mu"
baseline_direct,discount_stacking__t20,F-06,-,upheld,pass,pass,not_a_counterexample,0,The ticket specifies that a percent value of exactly 100 is valid (zeroing the total) while anything greater than 100 must raise ValueError.
baseline_direct,discount_stacking__v0,F-01,-,upheld,fail,pass,sound,0,"The money grammar forbids whitespace, but the implementation's regex ends in `$` (not anchored to true end-of-string) and Decimal() strips whitespace, so a subt"
baseline_direct,discount_stacking__v0,F-02,-,upheld,fail,pass,sound,0,"The same unanchored-regex flaw applies to discount 'value' strings, so a percent value like ""20\n"" is wrongly accepted instead of raising ValueError for malform"
baseline_direct,discount_stacking__v0,F-03,-,upheld,pass,pass,not_a_counterexample,0,"Ticket's core bug fix: stacked 20% and 10% on 100.00 must compound to 72.00 (matching the storefront), not be summed into a single 30% cut yielding 70.00."
baseline_direct,discount_stacking__v0,F-04,-,upheld,pass,pass,not_a_counterexample,0,"Ticket's worked example: the same three discounts applied in a different order must produce a different total (67.50 vs 68.40), proving each step operates on th"
baseline_direct,discount_stacking__v0,F-05,-,upheld,pass,pass,not_a_counterexample,0,Ticket requires validation to be unconditional: a percent value of 150 later in the list must raise ValueError even though an earlier amount discount already cl
baseline_direct,discount_stacking__v0,F-06,-,upheld,pass,pass,not_a_counterexample,0,"Ticket explicitly states ROUND_HALF_EVEN examples: 5.025 must round to 5.02 (even) and 5.075 must round to 5.08 (up to even), applied even to the initial subtot"
baseline_direct,discount_stacking__v10,F-01,-,upheld,fail,pass,sound,0,"The grammar in the ticket forbids whitespace, but the regex used for validation (`^-?\d+(?:\.\d+)?$`) lets `$` match just before a trailing newline, so a subtot"
baseline_direct,discount_stacking__v10,F-02,-,upheld,fail,pass,sound,0,"The same regex loophole applies to discount 'value' strings, so a value like '5.00\n' is wrongly accepted instead of raising ValueError for malformed input."
baseline_direct,discount_stacking__v10,F-03,-,upheld,fail,fail,unsound,1,"The ticket says a discount element is invalid only if it 'is not a mapping', but the implementation uses isinstance(discount, dict), so a legitimate non-dict Ma"
baseline_direct,discount_stacking__v10,F-04,-,upheld,fail,pass,sound,0,"The grammar places no limit on the number of digits in subtotal, but quantize() runs under the default decimal context (28-digit precision) with InvalidOperatio"
baseline_direct,discount_stacking__v10,F-05,-,upheld,pass,pass,not_a_counterexample,0,"The ticket's second worked example (5.00 off, then 20%, then 10% on a 100.00 line) must compound in order to 95.00 -> 76.00 -> 68.40; any regression in the comp"
baseline_direct,discount_stacking__v10,F-06,-,upheld,pass,pass,not_a_counterexample,0,"The ticket requires validation to be unconditional, raising even after the running total has already been clamped to 0.00 and the discount would have no effect;"
baseline_direct,discount_stacking__v11,F-01,-,upheld,fail,pass,sound,0,"Ticket rule: 'The sign of zero is not significant... never ""-0.00""'; subtotal='-0.00' passes the negativity check (since -0 is not < 0) and quantize preserves t"
baseline_direct,discount_stacking__v11,F-02,-,upheld,fail,pass,sound,0,"The grammar allows no whitespace, but the regex uses '$' (which in Python matches just before a trailing \n) instead of '\Z', and decimal.Decimal itself tolerat"
baseline_direct,discount_stacking__v11,F-03,-,upheld,fail,pass,sound,0,"The same '$'-vs-'\Z' regex flaw applies to discount 'value' validation, so a percent value of ""20\n"" is wrongly accepted as valid instead of raising ValueError "
baseline_direct,discount_stacking__v11,F-04,-,upheld,fail,fail,unsound,1,"Ticket says raise only when 'an element of discounts is not a mapping', but the implementation checks isinstance(discount, dict), which wrongly rejects legitima"
baseline_direct,discount_stacking__v11,F-05,-,upheld,pass,pass,not_a_counterexample,0,"Directly checks the ticket's second worked example (5.00 off, then 20%, then 10% => 95.00 -> 76.00 -> 68.40) to catch any compounding-order or intermediate-roun"
baseline_direct,discount_stacking__v11,F-06,-,upheld,pass,pass,not_a_counterexample,0,Ticket mandates validation is unconditional even after the running total has already been clamped to 0.00; a discount stack that clamps first and then supplies 
baseline_direct,discount_stacking__v12,F-01,-,upheld,fail,pass,sound,0,"Ticket rule: 'The sign of zero is not significant... zero is returned as ""0.00"", never ""-0.00""' — a subtotal of ""-0.00"" or ""-0"" represents zero (not a negative "
baseline_direct,discount_stacking__v12,F-02,-,upheld,fail,pass,sound,0,"The grammar only allows the digits 0-9, but the implementation's validator uses str.isdigit(), which returns True for characters like the superscript '²' that d"
baseline_direct,discount_stacking__v12,F-03,-,upheld,fail,pass,sound,0,"Same isdigit()-vs-Decimal mismatch applies to the subtotal field: '²' passes the hand-rolled grammar check but Decimal('²') raises decimal.InvalidOperation, so "
baseline_direct,discount_stacking__v12,F-04,-,upheld,fail,fail,unsound,1,"Ticket says a discounts element must raise only if it 'is not a mapping'; the implementation instead requires isinstance(discount, dict), so a valid read-only M"
baseline_direct,full_jitter_backoff__t20,F-01,-,upheld,pass,pass,not_a_counterexample,0,"Falsifies the ticket's own worked example (base=0.2, cap=5.0, attempts=6, rand=u/2 giving [0.1,0.2,0.4,0.8,1.6,2.5]) which pins down ceiling doubling, clamping,"
baseline_direct,full_jitter_backoff__t20,F-02,-,upheld,pass,pass,not_a_counterexample,0,"Falsifies the ticket rule that when cap <= base every ceiling, including attempt 0's, must equal cap rather than starting from base."
baseline_direct,full_jitter_backoff__t20,F-03,-,upheld,pass,pass,not_a_counterexample,0,"Falsifies the required validation order (attempts, then base, then cap) and the requirement that each error message names the offending parameter."
baseline_direct,full_jitter_backoff__t20,F-04,-,upheld,pass,pass,not_a_counterexample,0,"Falsifies the explicit requirement that NaN and infinite base/cap raise ValueError, since NaN silently passes a naive `<= 0` check."
baseline_direct,full_jitter_backoff__t20,F-05,-,upheld,pass,pass,not_a_counterexample,0,Falsifies both the requirement that attempts==0 yields [] without error and the requirement that base/cap are validated unconditionally (an implementation that 
baseline_direct,full_jitter_backoff__t20,F-06,-,upheld,pass,pass,not_a_counterexample,0,"Falsifies the requirement that schedule(2000, 1.0, 30.0, rand) completes without raising and returns 2000 finite delays each within [0, cap], guarding against e"
baseline_direct,full_jitter_backoff__t22,F-01,-,upheld,pass,pass,not_a_counterexample,0,"Falsifies the ticket's own worked example: ceilings must run 0.2,0.4,0.8,1.6,3.2,5.0 (last clamped from 6.4) and rand must be called once per attempt with exact"
baseline_direct,full_jitter_backoff__t22,F-02,-,upheld,pass,pass,not_a_counterexample,0,"The ticket states a cap at or below base is legitimate and every ceiling, attempt 0 included, must equal cap; an implementation that only clamps after some warm"
baseline_direct,full_jitter_backoff__t22,F-03,-,upheld,pass,pass,not_a_counterexample,0,"The ticket explicitly requires attempts == 0 to yield an empty list and not raise, which an off-by-one or overly strict validation could get backwards."
baseline_direct,full_jitter_backoff__t22,F-04,-,upheld,pass,pass,not_a_counterexample,0,"The ticket mandates validating attempts first and naming the offending parameter, so a negative attempts count with also-invalid base/cap must still raise a mes"
baseline_direct,full_jitter_backoff__t22,F-05,-,upheld,pass,pass,not_a_counterexample,0,"The ticket requires base and cap to each be finite and strictly positive -- zero, negative, inf and especially nan must all raise ValueError naming the offendin"
baseline_direct,full_jitter_backoff__t22,F-06,-,upheld,pass,pass,not_a_counterexample,0,The ticket requires that a couple-thousand-attempt schedule never evaluates 2**i for huge i (avoiding overflow/huge ints) and that every returned delay stays fi
baseline_direct,full_jitter_backoff__t42,F-01,-,upheld,pass,pass,not_a_counterexample,0,"Falsifies the ticket's own worked example: ceilings must run 0.2,0.4,0.8,1.6,3.2,5.0 (last clamped from 6.4) and rand must be called once per attempt with exact"
baseline_direct,full_jitter_backoff__t42,F-02,-,upheld,pass,pass,not_a_counterexample,0,"The ticket states a cap at or below base is legitimate and every ceiling, attempt 0 included, must equal cap; an implementation that only clamps after some warm"
baseline_direct,full_jitter_backoff__t42,F-03,-,upheld,pass,pass,not_a_counterexample,0,"The ticket explicitly requires attempts == 0 to yield an empty list and not raise, which an off-by-one or overly strict validation could get backwards."
baseline_direct,full_jitter_backoff__t42,F-04,-,upheld,pass,pass,not_a_counterexample,0,"The ticket mandates validating attempts first and naming the offending parameter, so a negative attempts count with also-invalid base/cap must still raise a mes"
baseline_direct,full_jitter_backoff__t42,F-05,-,upheld,pass,pass,not_a_counterexample,0,"The ticket requires base and cap to each be finite and strictly positive -- zero, negative, inf and especially nan must all raise ValueError naming the offendin"
baseline_direct,full_jitter_backoff__t42,F-06,-,upheld,pass,pass,not_a_counterexample,0,The ticket requires that a couple-thousand-attempt schedule never evaluates 2**i for huge i (avoiding overflow/huge ints) and that every returned delay stays fi
baseline_direct,full_jitter_backoff__t46,F-01,-,upheld,pass,pass,not_a_counterexample,0,"Falsifies the ticket's own worked example (base=0.2, cap=5.0, attempts=6) which pins down both the ceiling sequence and that attempt 0 is rand(min(cap,base)) ra"
baseline_direct,full_jitter_backoff__t46,F-02,-,upheld,pass,pass,not_a_counterexample,0,"Falsifies the ticket rule that rand's output is handed back unchanged (not clamped to cap, floored, or modified) by using a rand that deliberately returns value"
baseline_direct,full_jitter_backoff__t46,F-03,-,upheld,pass,pass,not_a_counterexample,0,"Falsifies the ticket rule that when cap <= base every ceiling (including attempt 0's) equals cap, not base or a growing exponential ignoring the low cap."
baseline_direct,full_jitter_backoff__t46,F-04,-,upheld,pass,pass,not_a_counterexample,0,"Falsifies the ticket's explicit requirement that schedule(2000, 1.0, 30.0, rand) returns 2000 finite delays in [0, cap] without raising, guarding against evalua"
baseline_direct,full_jitter_backoff__t46,F-05,-,upheld,pass,pass,not_a_counterexample,0,"Falsifies the ticket rule that attempts == 0 yields an empty list (no error, no rand calls) while attempts < 0 raises ValueError naming 'attempts'."
baseline_direct,full_jitter_backoff__t46,F-06,-,upheld,pass,pass,not_a_counterexample,0,"Falsifies the ticket rules that base and cap must each be finite and strictly > 0 (rejecting 0, negative, inf and nan with a message naming the offending parame"
baseline_direct,full_jitter_backoff__v10,F-01,-,upheld,pass,pass,not_a_counterexample,0,"Falsifies the ticket's worked example: cap must bound the ceiling before the draw (not clamp the result), attempt 0 must be jittered too, and the last element w"
baseline_direct,full_jitter_backoff__v10,F-02,-,upheld,pass,pass,not_a_counterexample,0,"Falsifies the requirement that rand is called exactly once per attempt, in order, with ceiling_i = min(cap, base * 2**i) as its sole argument, and that the retu"
baseline_direct,full_jitter_backoff__v10,F-03,-,upheld,pass,pass,not_a_counterexample,0,"Falsifies the large-attempt-count requirement that schedule(2000, 1.0, 30.0, rand) returns 2000 finite delays in [0, cap] without raising, which requires clampi"
baseline_direct,full_jitter_backoff__v10,F-04,-,upheld,pass,pass,not_a_counterexample,0,"Falsifies the required validation priority (attempts, then base, then cap) and the requirement that each ValueError message names the offending parameter."
baseline_direct,full_jitter_backoff__v10,F-05,-,upheld,pass,pass,not_a_counterexample,0,"Falsifies the requirement that attempts==0 returns [] without being an error itself, while base/cap validation must still run before the zero-attempts short-cir"
baseline_direct,full_jitter_backoff__v10,F-06,-,upheld,pass,pass,not_a_counterexample,0,"Falsifies the ticket rule that when cap < base every ceiling, including attempt 0's, is clamped to cap rather than to base or an uncapped exponential value."
baseline_direct,full_jitter_backoff__v11,F-01,-,upheld,pass,pass,not_a_counterexample,0,"Falsifies the core Full Jitter formula (ceiling = min(cap, base*2**i) drawn via rand, attempt 0 already jittered) against the ticket's worked example."
baseline_direct,full_jitter_backoff__v11,F-02,-,upheld,pass,pass,not_a_counterexample,0,"Falsifies the requirement that attempts==0 returns a fresh, independent empty list rather than raising or sharing a cached list object."
baseline_direct,full_jitter_backoff__v11,F-03,-,upheld,pass,pass,not_a_counterexample,0,"Falsifies the required validation order (attempts, then base, then cap) and the requirement that each ValueError message names the offending parameter."
baseline_direct,full_jitter_backoff__v11,F-04,-,upheld,pass,pass,not_a_counterexample,0,"Falsifies the explicit requirement that base/cap must be finite (nan, inf, -inf, 0, negative all raise ValueError), which the ticket warns a naive <= 0 check wo"
baseline_direct,full_jitter_backoff__v11,F-05,-,upheld,pass,pass,not_a_counterexample,0,"Falsifies the requirement that when cap <= base every ceiling (including attempt 0) is exactly cap, and that the drawn value is returned unchanged rather than b"
baseline_direct,full_jitter_backoff__v11,F-06,-,upheld,pass,pass,not_a_counterexample,0,"Falsifies the requirement that schedule(2000, 1.0, 30.0, rand) returns 2000 finite delays in [0, cap] without overflowing on 2**i for large i."
baseline_direct,full_jitter_backoff__v12,F-01,-,upheld,fail,pass,sound,0,"The ticket specifies validation order attempts→base→cap as an unconditional pipeline, but the implementation returns [] for attempts==0 before ever checking bas"
baseline_direct,full_jitter_backoff__v12,F-02,-,upheld,pass,pass,not_a_counterexample,0,"The ticket's own worked example (base=0.2, cap=5.0, attempts=6) pins down exact ceilings including the cap-clamped last element; any off-by-one in the exponent "
baseline_direct,full_jitter_backoff__v12,F-03,-,upheld,pass,pass,not_a_counterexample,0,"The ticket says cap < base is legitimate and every ceiling -- including attempt 0's -- must equal cap, not base or an uncapped exponential value; a backwards cl"
baseline_direct,full_jitter_backoff__v12,F-04,-,upheld,pass,pass,not_a_counterexample,0,"The ticket requires schedule(2000, 1.0, 30.0, rand) to return 2000 finite delays in [0, cap] without raising or overflowing, since base*2**i must never be evalu"
baseline_direct,full_jitter_backoff__v12,F-05,-,upheld,pass,pass,not_a_counterexample,0,"The ticket mandates validating in the order attempts, then base, then cap, so when multiple parameters are simultaneously invalid the earliest-in-order paramete"
baseline_direct,full_jitter_backoff__v12,F-06,-,upheld,pass,pass,not_a_counterexample,0,"The ticket requires rand to be called exactly once per attempt, in order, with ceiling_i = min(cap, base * 2**i) as its sole argument -- this pins down both the"
baseline_direct,http_range_resolve__t20,F-01,-,upheld,fail,pass,sound,0,"The ticket requires first/last to be composed of one or more ASCII digits; the implementation validates digits with str.isdigit()/int(), which also accepts non-"
baseline_direct,http_range_resolve__t20,F-02,-,upheld,fail,pass,sound,0,"Arabic-Indic digits are valid Unicode decimal digits so str.isdigit()/int() accept them for the suffix part of a -suffix spec, causing the implementation to sil"
baseline_direct,http_range_resolve__t20,F-03,-,upheld,fail,pass,sound,0,The same overly-permissive digit check applies to the open-ended first- branch: a fullwidth digit is accepted by isdigit()/int() and resolved to a concrete rang
baseline_direct,http_range_resolve__t20,F-04,-,upheld,fail,pass,sound,0,"Characters like the superscript two (U+00B2) satisfy str.isdigit() but are not valid input to int(), so the implementation raises an unhandled ValueError from p"
baseline_direct,http_range_resolve__t21,F-01,-,upheld,fail,pass,sound,0,Ticket requires first/last/suffix to be ASCII digits only; Arabic-Indic digits pass Python's str.isdigit()/int() and get silently accepted as a valid range inst
baseline_direct,http_range_resolve__t21,F-02,-,upheld,fail,pass,sound,0,"The -suffix branch also relies on str.isdigit(), so an Arabic-Indic digit is wrongly accepted as a numeric suffix instead of making the whole header unparseable"
baseline_direct,http_range_resolve__t21,F-03,-,upheld,fail,pass,sound,0,"A superscript-two character passes str.isdigit() but fails int(), so the implementation lets a raw ValueError escape from a malformed header instead of treating"
baseline_direct,http_range_resolve__t21,F-04,-,upheld,fail,pass,sound,0,"The ticket says only spaces and horizontal tabs are ignored around the header value; a trailing newline is not mentioned as ignorable, so it should make the hea"
baseline_direct,http_range_resolve__t21,F-05,-,upheld,fail,fail,unsound,1,The ticket explicitly states whitespace is not permitted around the '=' (giving 'bytes = 0-1' as a bad example); a space right after '=' should likewise invalid
baseline_direct,http_range_resolve__t40,F-01,-,upheld,fail,pass,sound,0,"The ticket requires first/last to be composed of one or more ASCII digits; the implementation validates digits with str.isdigit()/int(), which also accepts non-"
baseline_direct,http_range_resolve__t40,F-02,-,upheld,fail,pass,sound,0,"Arabic-Indic digits are valid Unicode decimal digits so str.isdigit()/int() accept them for the suffix part of a -suffix spec, causing the implementation to sil"
baseline_direct,http_range_resolve__t40,F-03,-,upheld,fail,pass,sound,0,The same overly-permissive digit check applies to the open-ended first- branch: a fullwidth digit is accepted by isdigit()/int() and resolved to a concrete rang
baseline_direct,http_range_resolve__t40,F-04,-,upheld,fail,pass,sound,0,"Characters like the superscript two (U+00B2) satisfy str.isdigit() but are not valid input to int(), so the implementation raises an unhandled ValueError from p"
baseline_direct,http_range_resolve__v0,F-01,-,upheld,fail,pass,sound,0,"The RFC grammar requires ASCII DIGIT (0-9); Python's `\d` regex and `int()` also accept non-ASCII Unicode decimal digits (e.g. fullwidth U+FF10-FF19), so a head"
baseline_direct,http_range_resolve__v0,F-02,-,upheld,pass,pass,not_a_counterexample,0,"The ticket explicitly states that in `bytes=0-1,5-3` the malformed second spec (last < first) must poison the whole header so the entire representation is retur"
baseline_direct,http_range_resolve__v0,F-03,-,upheld,pass,pass,not_a_counterexample,0,"The ticket mandates UnsatisfiableRange derive from Exception directly and must NOT be a subclass of ValueError, since the request pipeline distinguishes 400 (Va"
baseline_direct,http_range_resolve__v0,F-04,-,upheld,pass,pass,not_a_counterexample,0,"The ticket requires that when length is 0, resolve_range raises UnsatisfiableRange regardless of the header content, including headers that are perfectly well-f"
baseline_direct,http_range_resolve__v0,F-05,-,upheld,pass,pass,not_a_counterexample,0,"The ticket forbids merging, sorting, or de-duplicating ranges; a header listing an out-of-order range followed by the same range twice must come back exactly as"
baseline_direct,http_range_resolve__v0,F-06,-,upheld,pass,pass,not_a_counterexample,0,"The ticket explicitly says no whitespace is allowed around '=' or inside a spec, giving 'bytes = 0-1' and 'bytes=0 - 1' as invalid examples that must be ignored"
baseline_direct,http_range_resolve__v1,F-01,-,upheld,fail,fail,unsound,1,"Ticket says 'No whitespace is allowed around the =' so a space right after 'bytes=' must make the header malformed and yield the whole representation, but the i"
baseline_direct,http_range_resolve__v1,F-02,-,upheld,pass,pass,not_a_counterexample,0,"Ticket states one invalid element (last < first) poisons the whole header and the whole representation must be returned, e.g. 'bytes=0-1,5-3' -> [(0, length-1)]"
baseline_direct,http_range_resolve__v1,F-03,-,upheld,pass,pass,not_a_counterexample,0,Ticket requires that a syntactically valid header whose every spec is out of range raises UnsatisfiableRange (416 semantics) rather than being confused with a m
baseline_direct,http_range_resolve__v1,F-04,-,upheld,pass,pass,not_a_counterexample,0,"Ticket mandates that a zero-length representation raises UnsatisfiableRange regardless of the header content, including headers that would otherwise be ignored "
baseline_direct,http_range_resolve__v1,F-05,-,upheld,pass,pass,not_a_counterexample,0,"Ticket explicitly requires UnsatisfiableRange to derive directly from Exception and must not be a subclass of ValueError, since the pipeline relies on that dist"
baseline_direct,http_range_resolve__v1,F-06,-,upheld,pass,pass,not_a_counterexample,0,Ticket's own worked example requires dropping only the unsatisfiable spec while preserving header order and not merging/sorting the surviving ranges: 'bytes=100
baseline_direct,http_range_resolve__v2,F-01,-,upheld,fail,pass,sound,0,"The ticket requires first/last/suffix to be ASCII digits only, but Python's \d and int() also accept Unicode decimal digits (e.g. Arabic-Indic), so a header usi"
baseline_direct,http_range_resolve__v2,F-02,-,upheld,pass,pass,not_a_counterexample,0,"The ticket mandates UnsatisfiableRange derive from Exception directly and must not be a ValueError subclass, since the pipeline distinguishes 400 (ValueError) f"
baseline_direct,http_range_resolve__v2,F-03,-,upheld,pass,pass,not_a_counterexample,0,"The ticket says a zero-length representation must raise UnsatisfiableRange regardless of header content, including headers that would otherwise be ignored as ma"
baseline_direct,http_range_resolve__v2,F-04,-,upheld,pass,pass,not_a_counterexample,0,The ticket's own worked example requires unsatisfiable specs to be silently dropped while satisfiable ones keep their original relative order.
baseline_direct,http_range_resolve__v2,F-05,-,upheld,pass,pass,not_a_counterexample,0,"The ticket states that a single invalid spec (last < first) must poison the whole header, not just be skipped, so the whole representation must be returned inst"
baseline_direct,http_range_resolve__v2,F-06,-,upheld,pass,pass,not_a_counterexample,0,"RFC 7233 requires an out-of-range last-byte-pos to be clamped to length-1 rather than treated as an error, so a well-behaved over-length request must not raise "
baseline_direct,iso_week_date__t20,F-01,-,upheld,pass,pass,not_a_counterexample,0,"Falsifies the ticket's explicit late-December/early-January week_year wraparound examples: 2021-01-01 must be (2020,53,5) and 2019-12-30 must be (2020,1,1)."
baseline_direct,iso_week_date__t20,F-02,-,upheld,pass,pass,not_a_counterexample,0,"Checks the opposite-direction wraparound (early January belonging to the previous year's week 52, not 53 or the current year) which the ticket's examples don't "
baseline_direct,iso_week_date__t20,F-03,-,upheld,pass,pass,not_a_counterexample,0,"Verifies the proleptic Gregorian leap rule the ticket calls out explicitly (divisible by 4 except centuries, which need 400): Feb 29 must raise in non-leap year"
baseline_direct,iso_week_date__t20,F-04,-,upheld,pass,pass,not_a_counterexample,0,Ticket states the extremes 0001-01-01 and 9999-12-31 must not raise and gives exact expected results; an off-by-one in year/month/day validation or in the inter
baseline_direct,iso_week_date__t20,F-05,-,upheld,pass,pass,not_a_counterexample,0,"Ticket requires ValueError for year outside 1..9999, month outside 1..12, and day outside the valid range for that month/year; a validation-order bug or missing"
baseline_direct,iso_week_date__t20,F-06,-,upheld,pass,pass,not_a_counterexample,0,Ticket requires week_number to always be in 1..53 (never 0) and weekday in 1..7 (Monday=1..Sunday=7) for every date in the supported range; a property-based swe
baseline_direct,iso_week_date__v0,F-01,-,upheld,pass,pass,not_a_counterexample,0,"Cross-checks impl.to_iso_week_date against datetime.date.isocalendar() (the ground-truth ISO week date rule) across the entire supported date range, catching an"
baseline_direct,iso_week_date__v0,F-02,-,upheld,pass,pass,not_a_counterexample,0,"The ticket gives explicit worked examples (2021-01-01, 2019-12-30, 2009-12-31, 2024-02-29, and the year-1 and year-9999 extremes); any deviation falsifies the s"
baseline_direct,iso_week_date__v0,F-03,-,upheld,pass,pass,not_a_counterexample,0,"The ticket requires ValueError for out-of-range year, month, day (including 2023-02-29, a non-leap Feb 29), so a lenient or crashing implementation would fail t"
baseline_direct,iso_week_date__v0,F-04,-,upheld,pass,pass,not_a_counterexample,0,Rule 2 requires weekday to be 1-based with Monday=1 and Sunday=7; an implementation that reused Python's 0-based Monday=0 or a Sunday-first convention would fai
baseline_direct,iso_week_date__v0,F-05,-,upheld,fail,fail,unsound,1,Rule 5 requires week_number to always be in 1..53 and never 0; iterating every day of a sample of years catches off-by-one bugs that would occasionally produce 
baseline_direct,iso_week_date__v0,F-06,-,upheld,pass,pass,not_a_counterexample,0,Rule 5's stated examples say week-numbering year 2020 has 53 weeks and 2021 has 52; grouping by week_year (not the input calendar year) across the boundary chec
baseline_direct,iso_week_date__v1,F-01,-,upheld,pass,pass,not_a_counterexample,0,"The ticket states Python's date.isocalendar() documents the exact same rules we're standardising on, so it is a valid ground-truth oracle across the whole suppo"
baseline_direct,iso_week_date__v1,F-02,-,upheld,pass,pass,not_a_counterexample,0,"Rule 4's two spelled-out consequences (2021-01-01 belongs to week 53 of 2020, and 2019-12-30 belongs to week 1 of 2020) are exactly the December/January boundar"
baseline_direct,iso_week_date__v1,F-03,-,upheld,pass,pass,not_a_counterexample,0,"The ticket requires the valid extremes 0001-01-01 and 9999-12-31 to not raise and to produce the specific stated results, which is a boundary an off-by-one in t"
baseline_direct,iso_week_date__v1,F-04,-,upheld,pass,pass,not_a_counterexample,0,"The ticket's fully worked example (2009-12-31 -> (2009, 53, 4)) is a direct, unambiguous spec-check for the week-53 counting logic."
baseline_direct,iso_week_date__v1,F-05,-,upheld,pass,pass,not_a_counterexample,0,"The ticket explicitly requires the century leap rule (divisible by 400 exception) to gate Feb 29 validity, giving concrete examples for 1900/2000/2023/2024 that"
baseline_direct,iso_week_date__v1,F-06,-,upheld,pass,pass,not_a_counterexample,0,"The ticket requires ValueError for year outside 1..9999, month outside 1..12, and day outside the valid range for that year/month, including a day valid in some"
baseline_direct,keyset_paginate__t20,F-01,-,upheld,fail,pass,sound,0,"The ticket requires cursor components to be ASCII-digit runs, but str.isdigit()/int() also accept non-ASCII Unicode digits (e.g. fullwidth digits), so the imple"
baseline_direct,keyset_paginate__t20,F-02,-,upheld,pass,pass,not_a_counterexample,0,"Property test that repeatedly pages through a random feed and checks the union of all pages reproduces the full created_at-desc,id-desc order exactly once, each"
baseline_direct,keyset_paginate__t20,F-03,-,upheld,pass,pass,not_a_counterexample,0,"The ticket enumerates exact malformed-cursor examples ('12', ':3', '-1:3') plus the general rule that any non-string other than None is malformed, all of which "
baseline_direct,keyset_paginate__t20,F-04,-,upheld,pass,pass,not_a_counterexample,0,"The ticket requires ValueError whenever limit is not an int of at least 1, covering zero, negatives, non-int types, and floats."
baseline_direct,keyset_paginate__t20,F-05,-,upheld,pass,pass,not_a_counterexample,0,"The ticket states the function is pure and must not mutate rows, so the input list's order and dict contents must be identical before and after calling page()."
baseline_direct,keyset_paginate__t20,F-06,-,upheld,pass,pass,not_a_counterexample,0,"The ticket gives a concrete worked example over (300,4)(200,9)(200,7)(200,2)(100,5) with limit 2 producing pages [4,9]/'200:9', [7,2]/'200:2', [5]/None, which t"
baseline_direct,rollout_bucketing__t20,F-01,-,upheld,pass,pass,not_a_counterexample,0,"Falsifies the ticket's stated check vector: checkout-v2:user-1042 must be bucket 19, i.e. off at percentage=19 and on at percentage=20, and the return value mus"
baseline_direct,rollout_bucketing__t20,F-02,-,upheld,pass,pass,not_a_counterexample,0,"Falsifies the core ticket requirement that a ramp may only add users, never drop one: if enabled at a lower percentage, must remain enabled at any higher percen"
baseline_direct,rollout_bucketing__t20,F-03,-,upheld,pass,pass,not_a_counterexample,0,"Falsifies the stated boundary rule that 0 must disable every user (nothing is < 0) and 100 must enable every user (every bucket 0-99 is < 100), across arbitrary"
baseline_direct,rollout_bucketing__t20,F-04,-,upheld,pass,pass,not_a_counterexample,0,"Falsifies the 'types before range' rule using the ticket's own example: an out-of-range float like 101.0 must raise TypeError, not ValueError."
baseline_direct,rollout_bucketing__t20,F-05,-,upheld,pass,pass,not_a_counterexample,0,Falsifies the explicit ticket rule that bool percentages must raise TypeError even though bool is an int subclass in Python.
baseline_direct,rollout_bucketing__t20,F-06,-,upheld,pass,pass,not_a_counterexample,0,Falsifies the requirement that empty identifiers (e.g. anonymous sessions with empty user_id) are legitimate inputs that must be hashed normally rather than rej
baseline_direct,rollout_bucketing__v0,F-01,-,upheld,pass,pass,not_a_counterexample,0,"Falsifies the exact bucket values the ticket specifies for checkout-v2/user-1042 (bucket 19) and search-rerank/user-1042 (bucket 10), catching any deviation fro"
baseline_direct,rollout_bucketing__v0,F-02,-,upheld,pass,pass,not_a_counterexample,0,"Falsifies the ticket's requirement that empty flag_key/user_id are not errors and that "":"" hashes to bucket 35 (enabled at 36%, not at 35%)."
baseline_direct,rollout_bucketing__v0,F-03,-,upheld,pass,pass,not_a_counterexample,0,"Recomputes the mandated bucket = int(sha256(f'{flag_key}:{user_id}').hexdigest(),16)%100 independently and checks the exact enable/disable threshold, catching w"
baseline_direct,rollout_bucketing__v0,F-04,-,upheld,pass,pass,not_a_counterexample,0,"Falsifies the core monotonicity requirement: once a user is enabled at percentage p, they must remain enabled for every q > p, which breaks if percentage or a r"
baseline_direct,rollout_bucketing__v0,F-05,-,upheld,pass,pass,not_a_counterexample,0,"Falsifies the explicit boundary rule that percentage=0 must disable every user and percentage=100 must enable every user, with no exceptions, across arbitrary u"
baseline_direct,rollout_bucketing__v0,F-06,-,upheld,pass,pass,not_a_counterexample,0,"Falsifies the required error precedence: non-str flag_key/user_id, float percentage (even integral like 101.0), and bool percentage must all raise TypeError, an"
baseline_direct,rollout_bucketing__v1,F-01,-,upheld,pass,pass,not_a_counterexample,0,"Falsifies the core FLAG-238 requirement that raising the percentage may only add users, never remove them (the exact bug that caused the checkout-v2 incident)."
baseline_direct,rollout_bucketing__v1,F-02,-,upheld,pass,pass,not_a_counterexample,0,"Falsifies the required boundary behaviour that percentage=0 must disable every user and percentage=100 must enable every user, with no exceptions."
baseline_direct,rollout_bucketing__v1,F-03,-,upheld,pass,pass,not_a_counterexample,0,"Falsifies the explicit requirement that bool percentages (True/False), despite being int subclasses, must raise TypeError rather than being accepted as 1 or 0."
baseline_direct,rollout_bucketing__v1,F-04,-,upheld,pass,pass,not_a_counterexample,0,Falsifies the required error ordering and coverage: non-str identifiers and non-int/float percentages must raise TypeError even when the numeric value would be 
baseline_direct,rollout_bucketing__v1,F-05,-,upheld,pass,pass,not_a_counterexample,0,"Falsifies the exact bucketing algorithm (colon join, UTF-8, SHA-256, big-endian mod 100, strict-less-than threshold) using the ticket's own worked examples, inc"
baseline_direct,rollout_bucketing__v1,F-06,-,upheld,pass,pass,not_a_counterexample,0,"Falsifies the requirement that the returned value must be an actual bool, catching implementations that return truthy/falsy ints or numpy booleans instead."
baseline_direct,token_bucket__t20,F-01,-,upheld,pass,pass,not_a_counterexample,0,"Ticket requires admitting a cost equal to available credit via a 1e-9 absolute slack, and rejecting anything more than 1e-9 above capacity; this pins down both "
baseline_direct,token_bucket__t20,F-02,-,upheld,pass,pass,not_a_counterexample,0,Ticket states a rejection consumes nothing and the entry behind it still sees the bucket it would otherwise have seen; a buggy implementation might still decrem
baseline_direct,token_bucket__t20,F-03,-,upheld,pass,pass,not_a_counterexample,0,"Ticket states a cost above capacity + 1e-9 is never admitted however long the customer waits, because the bucket is capped at capacity even after a huge elapsed"
baseline_direct,token_bucket__t20,F-04,-,upheld,pass,pass,not_a_counterexample,0,"Ticket says a cost of exactly zero is legal and always admitted, even against an empty bucket; this checks that depleting the bucket first doesn't cause a zero-"
baseline_direct,token_bucket__t20,F-05,-,upheld,pass,pass,not_a_counterexample,0,"Ticket requires a ValueError when a timestamp is strictly less than the one before it, but explicitly allows equal (shared) timestamps within a burst."
baseline_direct,token_bucket__t20,F-06,-,upheld,pass,pass,not_a_counterexample,0,"Ticket enumerates several required ValueError conditions (non-finite/non-positive capacity or refill, negative or non-finite cost, non-finite timestamp); each m"
blindspot,full_jitter_backoff__v12,F-01,OB-007,upheld,fail,pass,sound,0,"Validate attempts, then base, then cap in that fixed sequence unconditionally, so an invalid base or cap still raises ValueError even when attempts is 0."
blindspot,keyset_paginate__t20,F-01,OB-005,upheld,fail,fail,unsound,1,Continue paging from a cursor's named position even if the row it once identified has since been removed from rows.
blindspot_search,full_jitter_backoff__v10,F-01,OB-009,upheld,fail,fail,unsound,1,"Return a new empty list when attempts is 0, without raising any error."
blindspot_search,full_jitter_backoff__v12,F-01,OB-007,upheld,fail,pass,sound,0,"Validate attempts, then base, then cap in that fixed sequence unconditionally, so an invalid base or cap still raises ValueError even when attempts is 0."
blindspot_search,keyset_paginate__t20,F-01,OB-005,upheld,fail,fail,unsound,1,Continue paging from a cursor's named position even if the row it once identified has since been removed from rows.
blindspot_search,token_bucket__t20,F-01,OB-005,upheld,fail,fail,unsound,1,"A request whose cost exceeds capacity + 1e-9 must never be admitted, no matter how much time elapses beforehand."
